Workbook

Sheet PLAYER DASHBOARD
B4: JAX STATE MBB: PLAYER DASHBOARD
B6: Christie, Marvin | H6: Character Traits: 1-5
F8: POS: | G8: =VLOOKUP(B6,ROSTER!A2:C16,2,FALSE) -> G | H8: WORK ETHIC: Gives great effort. Gives more than expected. | O8: =VLOOKUP(B6,'CHARACTER EVAL'!A2:F16,2,FALSE) -> 4
F10: HEIGHT: | G10: =VLOOKUP(B6,ROSTER!A2:C16,3,FALSE) -> 6’3 | H10: CONSISTENCY: Reliable in their performance, effort, and mindset. | O10: =VLOOKUP(B6,'CHARACTER EVAL'!A2:F16,3,FALSE) -> 4
F12: WINGSPAN: | G12: =VLOOKUP(B6,ROSTER!A2:D16,4,FALSE) -> 188 | H12: COACHABILITY: Receptive to feedback, craves instruction. | O12: =VLOOKUP(B6,'CHARACTER EVAL'!A2:F16,4,FALSE) -> 5 | U12: ~
F14: STARTING WEIGHT: | G14: =VLOOKUP(B6,ROSTER!A2:D16,5,FALSE) -> #REF! | H14: ATTITUDE: Contageous enthusiasm. Willing to rise to any challenge. Body language is excited and present. | O14: =VLOOKUP(B6,'CHARACTER EVAL'!A2:F16,5,FALSE) -> 4
F16: CURRENT WEIGHT: | H16: TOUGHNESS: Never complains. Does not make excuses, seeks challenge. | O16: =VLOOKUP(B6,'CHARACTER EVAL'!A2:F16,6,FALSE) -> 3
C18: METRIC | E18: CURRENT | F18: VS. TEAM AVG | G18: ATHLETE (ALL-TIME) | J18: =VLOOKUP(B6,PICTURES!A2:C16,2,FALSE) -> #VALUE! | M18: =VLOOKUP(B6,PICTURES!A2:C16,3,FALSE) -> #VALUE!
G19: FIRST | H19: BEST | I19: IMPROVEMENT
B20: SPEED | C20: 10 YARD SPRINT | G20: =VLOOKUP(B6,'10YD'!2:25,2,FALSE) -> 1.81 | H20: =VLOOKUP(B6,'10YD'!A2:O16,15,FALSE) -> 1.8 | I20: =H20-G20 -> -0.01
C22: PEAK POWER | G22: =VLOOKUP(B6,'PEAK POWER'!2:25,2,FALSE) -> 64.9 | H22: =VLOOKUP(B6,'PEAK POWER'!A2:O16,15,FALSE) -> 67.8 | I22: =H22-G22 -> 2.9
C24: MPH BY STEP 3 | G24: =VLOOKUP(B6,'3 STEP MPH'!2:25,2,FALSE) -> 11.81 | H24: =VLOOKUP(B6,'3 STEP MPH'!A2:O16,15,FALSE) -> 11.86 | I24: =H24-G24 -> 0.05
B26: BOUNCE | C26: CMJ (CM) | G26: =VLOOKUP(B6,CMJ!2:25,2,FALSE) -> 38.5 | H26: =VLOOKUP(B6,CMJ!A2:AD16,30,FALSE) -> 45.7 | I26: =H26-G26 -> 7.2
C28: APPROACH JUMP (IN) | G28: =VLOOKUP(B6,APPROACH!2:25,2,FALSE) -> 38.5 | H28: =VLOOKUP(B6,APPROACH!A2:O16,15,FALSE) -> 38.5 | I28: =H28-G28 -> 0
C30: RSI | G30: =VLOOKUP(B6,RSI!2:25,2,FALSE) -> 2.87 | H30: =VLOOKUP(B6,RSI!A2:O16,15,FALSE) -> 2.87 | I30: =H30-G30 -> 0
B32: STRENGTH | C32: TBDL 1RM (.4M/S) | G32: =VLOOKUP(B6,'TRAP DEAD'!2:25,2,FALSE) -> 405 | H32: =VLOOKUP(B6,'TRAP DEAD'!A2:O16,15,FALSE) -> 405 | I32: =H32-G32 -> 0
C34: BENCH 1RM | G34: =VLOOKUP(B6,BENCH!2:25,2,FALSE) -> 185 | H34: =VLOOKUP(B6,BENCH!A2:O16,15,FALSE) -> 225 | I34: =H34-G34 -> 40
C36: CHIN UP MAX REPS | G36: =VLOOKUP(B6,'CHIN UP'!2:25,2,FALSE) -> 7 | H36: =VLOOKUP(B6,'CHIN UP'!A2:O16,15,FALSE) -> 8 | I36: =H36-G36 -> 1
B38: FITNESS | C38: BODY FAT | G38: =VLOOKUP(B6,'BODY FAT'!2:25,2,FALSE) -> 0.12 | H38: =VLOOKUP(B6,'BODY FAT'!A2:O16,15,FALSE) -> 0.12 | I38: =H38-G38 -> 0
C40: LEAN MASS (LB) | G40: =VLOOKUP(B6,'LEAN MASS'!2:25,2,FALSE) -> 165.2 | H40: =VLOOKUP(B6,'LEAN MASS'!A2:O16,15,FALSE) -> 165.7 | I40: =H40-G40 -> 0.5
C42: CELTIC TEST | G42: =VLOOKUP(B6,CELTIC!2:25,2,FALSE) -> 0 | H42: =VLOOKUP(B6,CELTIC!A2:O17,15,FALSE) -> 0 | I42: =H42-G42 -> 0

Sheet PICTURES
A1: NAME | B1: FRONT PHOTO - JUNE 1 | C1: BACK PHOTO - JUNE 1 | D1: FRONT PHOTO - JUNE 1 | E1: BACK PHOTO - JUNE 1 | F1: HEADSHOT
A2: Christie, Marvin | B2: #VALUE! | C2: #VALUE! | D2: #VALUE! | E2: #VALUE! | F2: #VALUE!
A3: Croley, Ethan | B3: #VALUE! | C3: #VALUE! | D3: #VALUE! | E3: #VALUE! | F3: #VALUE!
A4: Cunningham, Naas | B4: #VALUE! | C4: #VALUE! | D4: #VALUE! | E4: #VALUE! | F4: #VALUE!
A5: Curry, Alijah | B5: #VALUE! | C5: #VALUE! | D5: #VALUE! | E5: #VALUE! | F5: #VALUE!
A6: Gondrezick, Grant | B6: #VALUE! | C6: #VALUE! | D6: #VALUE! | E6: #VALUE! | F6: #VALUE!
A7: Harden, Jace | B7: #VALUE! | C7: #VALUE! | F7: #VALUE!
A8: Hernandez, Nic | B8: #VALUE! | C8: #VALUE! | D8: #VALUE! | E8: #VALUE! | F8: #VALUE!
A9: Hill, Ma'Shy | B9: #VALUE! | C9: #VALUE! | D9: #VALUE! | E9: #VALUE! | F9: #VALUE!
A10: Horner, Leon | B10: #VALUE! | C10: #VALUE! | D10: #VALUE! | E10: #VALUE! | F10: #VALUE!
A11: Itumo, Williams | B11: #VALUE! | C11: #VALUE! | D11: #VALUE! | E11: #VALUE! | F11: #VALUE!
A12: Lockett, Chris | B12: #VALUE! | C12: #VALUE! | D12: #VALUE! | E12: #VALUE! | F12: #VALUE!
A13: Polk, Kash | B13: #VALUE! | C13: #VALUE! | D13: #VALUE! | E13: #VALUE! | F13: #VALUE!
A14: Stiemke, Jordan | B14: #VALUE! | C14: #VALUE! | D14: #VALUE! | E14: #VALUE! | F14: #VALUE!
A15: Walker, Brandon | B15: #VALUE! | C15: #VALUE! | F15: #VALUE!
A16: Vick, Jordan | B16: #VALUE! | C16: #VALUE! | D16: #VALUE! | E16: #VALUE! | F16: #VALUE!

Sheet ROSTER
B1: POS | C1: HT | D1: BW | E1: 46182 | F1: 46185 | G1: 46195 | H1: 46202 | I1: 46209 | J1: 46216 | K1: 46223 | L1: 46225 | M1: 46258 | N1: 46265 | O1: 46273 | P1: 46279 | Q1: 46282 | R1: 46286 | S1: 46293 | T1: 46296
A2: Christie, Marvin | B2: G | C2: 6’3 | D2: 188 | E2: 187.8 | F2: 188.6 | G2: 187.6 | H2: 184.7 | I2: 185.5 | J2: 187.5 | K2: 191 | L2: 191.1 | M2: 191.6 | N2: 194.2 | O2: 194.1 | P2: 196.7 | R2: 194.3 | S2: 194.9 | T2: 196.5
A3: Croley, Ethan | B3: F | C3: 6’10 | D3: 235 | E3: 236 | F3: 236.6 | G3: 242.1 | H3: 241.1 | I3: 240.4 | J3: 243.5 | K3: 242.2 | L3: 240 | M3: 247 | N3: 255.8 | O3: 246.5 | P3: 248 | R3: 249.3 | S3: 251.1 | T3: 250.1
A4: Cunningham, Naas | B4: G | C4: 6’6 | D4: 167 | E4: 171.4 | F4: 174.1 | G4: 179.5 | H4: 178.3 | I4: 184.4 | J4: 183.8 | K4: 179.3 | L4: 180.4 | M4: 177.3 | N4: 183 | O4: 182.1 | P4: 187 | Q4: 182.3 | R4: 180.2 | S4: 176.7 | T4: 180.2
A5: Curry, Alijah | B5: F | C5: 6’8 | D5: 206 | E5: 206.3 | F5: 205.4 | G5: 209.7 | H5: 209.7 | I5: 211.6 | J5: 214.5 | K5: 214.5 | L5: 215.5 | M5: 212.4 | N5: 212.9 | O5: 214.6 | P5: 216.1 | Q5: 209.4 | R5: 214.1 | S5: 211.1 | T5: 209.8
A6: Gondrezick, Grant | B6: G | C6: 6’1 | D6: 177 | E6: 183.2 | F6: 184.5 | G6: 187 | H6: 185.5 | I6: 187.2 | J6: 190.2 | K6: 184 | L6: 182.4 | M6: 186.1 | N6: 184.3 | O6: 182.9 | P6: 179.1 | Q6: 181.5 | R6: 184.2 | S6: 185.2 | T6: 184.5
A7: Harden, Jace | B7: G | C7: 6'6 | D7: 154 | E7: 154.1 | L7: 154 | M7: 155.5 | N7: 154.7 | O7: 155.2 | P7: 156.9 | Q7: 156.6 | R7: 157.3 | S7: 158 | T7: 158.4
A8: Hernandez, Nic | B8: G | C8: 6'1 | D8: 150 | E8: 152.3 | F8: 155.5 | G8: 156.4 | H8: 155.8 | I8: 158.6 | J8: 159 | K8: 157 | L8: 160.1 | M8: 158.8 | N8: 158.8 | P8: 157.7 | R8: 162.2 | S8: 159.3 | T8: 162.1
A9: Hill, Ma'Shy | B9: F | C9: 6’10 | D9: 262 | E9: 265.5 | F9: 266.2 | G9: 263.8 | H9: 268.2 | I9: 266.3 | J9: 267.7 | K9: 263.6 | L9: 260 | M9: 259.3 | N9: 259.9 | O9: 258.8 | P9: 256.8 | Q9: 257 | R9: 259.9 | S9: 257.7 | T9: 253.7
A10: Horner, Leon | B10: G | C10: 6’6 | D10: 238 | E10: 238.3 | F10: 235.9 | G10: 235.7 | H10: 235.2 | I10: 234.9 | J10: 235.9 | K10: 235.9 | L10: 229.9 | M10: 230 | N10: 232.2 | O10: 234.1 | P10: 229.1 | Q10: 231 | R10: 227.7 | S10: 230.8 | T10: 231.1
A11: Itumo, Williams | B11: F | C11: 6’9 | D11: 225 | E11: 231.1 | F11: 229.7 | G11: 229.9 | H11: 227.3 | I11: 223.2 | J11: 226.8 | K11: 227.1 | L11: 233 | M11: 226.5 | N11: 224.9 | O11: 225.1 | P11: 225.3 | Q11: 223.7 | R11: 225.1 | S11: 226.2 | T11: 225.7
A12: Lockett, Chris | B12: G | C12: 6’4 | D12: 193 | E12: 192.2 | F12: 189.7 | G12: 194.3 | H12: 189.2 | I12: 192.6 | J12: 191.7 | K12: 189.1 | L12: 190 | M12: 193.2 | N12: 196.5 | O12: 191.5 | P12: 194.2 | Q12: 193.2 | R12: 190.4 | S12: 196.9 | T12: 195.1
A13: Polk, Kash | B13: F | C13: 6’10 | D13: 215 | E13: 214.6 | F13: 214.8 | G13: 209.9 | H13: 210.4 | I13: 210.6 | J13: 214.5 | K13: 211.3 | L13: 216.6 | M13: 210.3 | N13: 213.4 | P13: 215.1 | R13: 212.2 | S13: 212.2 | T13: 213.3
A14: Stiemke, Jordan | B14: G | C14: 6’4 | D14: 219 | E14: 214.6 | F14: 217.1 | G14: 217 | H14: 214.7 | I14: 220.3 | J14: 217.6 | K14: 209.4 | L14: 213.2 | M14: 216.5 | N14: 213.4 | O14: 214.2 | P14: 211.1 | Q14: 208.6 | R14: 212.6 | S14: 214.4 | T14: 213.8
A15: Walker, Brandon | B15: F | C15: 6'7 | D15: 301 | E15: 301.1 | L15: 301 | M15: 302.5 | N15: 303.2 | O15: 295 | P15: 297.4 | Q15: 299.6 | R15: 294.1 | S15: 293.8 | T15: 292.1
A16: Vick, Jordan | B16: G | C16: 5’11 | D16: 162 | E16: 162.5 | F16: 164.1 | G16: 160.3 | H16: 161.8 | I16: 168 | J16: 170.7 | K16: 168.3 | L16: 168.8 | M16: 171.2 | N16: 171.3 | O16: 168.2 | P16: 172.9 | R16: 169.1 | S16: 166.3 | T16: 168.8

Sheet CHARACTER EVAL
A1: NAME | B1: WORK ETHIC | C1: CONSISTENCY | D1: COACHABILITY | E1: ATTITUDE | F1: TOUGHNESS
A2: Christie, Marvin | B2: 4 | C2: 4 | D2: 5 | E2: 4 | F2: 3
A3: Croley, Ethan | B3: 4 | C3: 3 | D3: 3 | E3: 3 | F3: 4
A4: Cunningham, Naas | B4: 3 | C4: 2 | D4: 3 | E4: 3 | F4: 3
A5: Curry, Alijah | B5: 4 | C5: 3 | D5: 4 | E5: 4 | F5: 3
A6: Gondrezick, Grant | B6: 3 | C6: 2 | D6: 3 | E6: 2 | F6: 3
A7: Harden, Jace | B7: 2 | C7: 2 | D7: 3 | E7: 3 | F7: 2
A8: Hernandez, Nic | B8: 3 | C8: 4 | D8: 3 | E8: 3 | F8: 2
A9: Hill, Ma'Shy | B9: 4 | C9: 4 | D9: 3 | E9: 4 | F9: 3
A10: Horner, Leon | B10: 3 | C10: 2 | D10: 3 | E10: 3 | F10: 3
A11: Itumo, Williams | B11: 4 | C11: 3 | D11: 4 | E11: 4 | F11: 3
A12: Lockett, Chris | B12: 4 | C12: 3 | D12: 4 | E12: 3 | F12: 3
A13: Polk, Kash | B13: 3 | C13: 2 | D13: 4 | E13: 3 | F13: 3
... A16: Vick, Jordan | B16: 3 | C16: 3 | D16: 4 | E16: 3 | F16: 3

Sheet BODY FAT
A1: NAME | B1: 46174 | C1: 46226 | N1: AVERAGE | O1: BEST
A2: Christie, Marvin | B2: 0.12 | C2: 0.127 | N2: =AVERAGE(B2:M2) -> 0.1235 | O2: =MIN(B2:M2) -> 0.12
A3: Croley, Ethan | B3: 0.122 | C3: 0.121 | N3: =AVERAGE(B3:M3) -> 0.1215 | O3: =MIN(B3:M3) -> 0.121
A4: Cunningham, Naas | B4: 0.109 | C4: 0.117 | N4: =AVERAGE(B4:M4) -> 0.113 | O4: =MIN(B4:M4) -> 0.109
A5: Curry, Alijah | B5: 0.13 | C5: 0.116 | N5: =AVERAGE(B5:M5) -> 0.123 | O5: =MIN(B5:M5) -> 0.116
A6: Gondrezick, Grant | B6: 0.167 | C6: 0.147 | N6: =AVERAGE(B6:M6) -> 0.157 | O6: =MIN(B6:M6) -> 0.147
A7: Harden, Jace | B7: 0.131 | N7: =AVERAGE(B7:M7) -> 0.131 | O7: =MIN(B7:M7) -> 0.131
A8: Hernandez, Nic | B8: 0.123 | C8: 0.119 | N8: =AVERAGE(B8:M8) -> 0.121 | O8: =MIN(B8:M8) -> 0.119
A9: Hill, Ma'Shy | B9: 0.204 | C9: 0.212 | N9: =AVERAGE(B9:M9) -> 0.208 | O9: =MIN(B9:M9) -> 0.204
A10: Horner, Leon | B10: 0.19 | C10: 0.176 | N10: =AVERAGE(B10:M10) -> 0.183 | O10: =MIN(B10:M10) -> 0.176
A11: Itumo, Williams | B11: 0.169 | C11: 0.155 | N11: =AVERAGE(B11:M11) -> 0.162 | O11: =MIN(B11:M11) -> 0.155
A12: Lockett, Chris | B12: 0.146 | C12: 0.128 | N12: =AVERAGE(B12:M12) -> 0.137 | O12: =MIN(B12:M12) -> 0.128
A13: Polk, Kash | B13: 0.124 | C13: 0.111 | N13: =AVERAGE(B13:M13) -> 0.1175 | O13: =MIN(B13:M13) -> 0.111
A14: Stiemke, Jordan | B14: 0.154 | C14: 0.137 | N14: =AVERAGE(B14:M14) -> 0.1455 | O14: =MIN(B14:M14) -> 0.137
A15: Walker, Brandon | B15: 0.277 | N15: =AVERAGE(B15:M15) -> 0.277 | O15: =MIN(B15:M15) -> 0.277
A16: Vick, Jordan | B16: 0.137 | C16: 0.125 | N16: =AVERAGE(B16:M16) -> 0.131 | O16: =MIN(B16:M16) -> 0.125
A17: AVERAGE | B17: =AVERAGE(B2:B16) -> 0.15353333 | C17: =AVERAGE(C2:C16) -> 0.13776923 | N17: =AVERAGE(B17:M17) -> 0.14565128

Sheet LEAN MASS
A1: NAME | B1: 46174 | C1: 46226 | N1: AVERAGE | O1: BEST
A2: Christie, Marvin | B2: 165.2 | C2: 165.7 | N2: =AVERAGE(B2:M2) -> 165.45 | O2: =MAX(B2:M2) -> 165.7
A3: Croley, Ethan | B3: 207.7 | C3: 209.3 | N3: =AVERAGE(B3:M3) -> 208.5 | O3: =MAX(B3:M3) -> 209.3
A4: Cunningham, Naas | B4: 149.3 | C4: 159.9 | N4: =AVERAGE(B4:M4) -> 154.6 | O4: =MAX(B4:M4) -> 159.9
A5: Curry, Alijah | B5: 179.8 | C5: 183.3 | N5: =AVERAGE(B5:M5) -> 181.55 | O5: =MAX(B5:M5) -> 183.3
A6: Gondrezick, Grant | B6: 147.6 | C6: 158.6 | N6: =AVERAGE(B6:M6) -> 153.1 | O6: =MAX(B6:M6) -> 158.6
A7: Harden, Jace | B7: 133.2 | N7: =AVERAGE(B7:M7) -> 133.2 | O7: =MAX(B7:M7) -> 133.2
A8: Hernandez, Nic | B8: 131.8 | C8: 142.3 | N8: =AVERAGE(B8:M8) -> 137.05 | O8: =MAX(B8:M8) -> 142.3
A9: Hill, Ma'Shy | B9: 205.9 | C9: 202.4 | N9: =AVERAGE(B9:M9) -> 204.15 | O9: =MAX(B9:M9) -> 205.9
A10: Horner, Leon | B10: 192.6 | C10: 196.7 | N10: =AVERAGE(B10:M10) -> 194.65 | O10: =MAX(B10:M10) -> 196.7
A11: Itumo, Williams | B11: 186.5 | C11: 186.7 | N11: =AVERAGE(B11:M11) -> 186.6 | O11: =MAX(B11:M11) -> 186.7
A12: Lockett, Chris | B12: 165.1 | C12: 165.5 | N12: =AVERAGE(B12:M12) -> 165.3 | O12: =MAX(B12:M12) -> 165.5
A13: Polk, Kash | B13: 190.2 | C13: 188.7 | N13: =AVERAGE(B13:M13) -> 189.45 | O13: =MAX(B13:M13) -> 190.2
A14: Stiemke, Jordan | B14: 185.4 | C14: 185.8 | N14: =AVERAGE(B14:M14) -> 185.6 | O14: =MAX(B14:M14) -> 185.8
A15: Walker, Brandon | B15: 219.3 | N15: =AVERAGE(B15:M15) -> 219.3 | O15: =MAX(B15:M15) -> 219.3
A16: Vick, Jordan | B16: 140.3 | C16: 149.9 | N16: =AVERAGE(B16:M16) -> 145.1 | O16: =MAX(B16:M16) -> 149.9
A17: AVERAGE | B17: =AVERAGE(B2:B16) -> 173.32667 | C17: =AVERAGE(C2:C16) -> 176.52308 | N17: =AVERAGE(B17:M17) -> 174.92487
N18: =AVERAGE(B18:M18) -> #DIV/0!
A20: Description: | B20: How many lbs of lean muscle do you have on your frame?

Sheet 10YD
A1: NAME | B1: 46188 | C1: 46195 | D1: 46217 | E1: 46224 | F1: 46265 | G1: 46273 | H1: 46280 | I1: 46287 | N1: AVERAGE | O1: BEST
A2: Christie, Marvin | B2: 1.81 | C2: 1.9 | D2: 1.82 | F2: 1.85 | G2: 1.86 | H2: 1.8 | I2: 1.98 | N2: =AVERAGE(B2:M2) -> 1.86 | O2: =MIN(B2:M2) -> 1.8
A3: Croley, Ethan | B3: 1.94 | C3: 1.87 | D3: 1.85 | E3: 1.95 | F3: 1.89 | G3: 1.91 | H3: 1.89 | I3: 1.93 | N3: =AVERAGE(B3:M3) -> 1.90375 | O3: =MIN(B3:M3) -> 1.85
A4: Cunningham, Naas | B4: 1.89 | C4: 1.93 | D4: 1.85 | E4: 1.81 | F4: 2.15 | G4: 1.87 | H4: 1.8 | I4: 1.84 | N4: =AVERAGE(B4:M4) -> 1.8925 | O4: =MIN(B4:M4) -> 1.8
A5: Curry, Alijah | B5: 1.87 | C5: 1.88 | D5: 1.87 | E5: 1.86 | F5: 1.96 | G5: 1.94 | H5: 1.82 | I5: 1.82 | N5: =AVERAGE(B5:M5) -> 1.8775 | O5: =MIN(B5:M5) -> 1.82
A6: Gondrezick, Grant | B6: 1.85 | D6: 1.79 | E6: 1.76 | G6: 1.76 | H6: 1.74 | I6: 1.74 | N6: =AVERAGE(B6:M6) -> 1.7733333 | O6: =MIN(B6:M6) -> 1.74
A7: Harden, Jace | B7: 2.41 | G7: 1.91 | H7: 1.89 | I7: 1.88 | N7: =AVERAGE(B7:M7) -> 2.0225 | O7: =MIN(B7:M7) -> 1.88
A8: Hernandez, Nic | B8: 1.94 | C8: 1.9 | D8: 1.91 | E8: 1.87 | F8: 1.83 | I8: 1.82 | N8: =AVERAGE(B8:M8) -> 1.8783333 | O8: =MIN(B8:M8) -> 1.82
A9: Hill, Ma'Shy | B9: 2 | C9: 2.04 | D9: 1.95 | E9: 2.04 | F9: 1.95 | G9: 2.04 | H9: 1.93 | I9: 1.97 | N9: =AVERAGE(B9:M9) -> 1.99 | O9: =MIN(B9:M9) -> 1.93
A10: Horner, Leon | B10: 1.87 | C10: 1.89 | D10: 1.86 | F10: 1.9 | G10: 1.88 | H10: 1.79 | I10: 1.81 | N10: =AVERAGE(B10:M10) -> 1.8571429 | O10: =MIN(B10:M10) -> 1.79
A11: Itumo, Williams | B11: 2.16 | C11: 2.14 | D11: 1.98 | G11: 2.13 | H11: 1.96 | I11: 1.93 | N11: =AVERAGE(B11:M11) -> 2.05 | O11: =MIN(B11:M11) -> 1.93
A12: Lockett, Chris | B12: 1.83 | C12: 1.89 | D12: 1.84 | E12: 1.82 | F12: 1.93 | G12: 1.85 | H12: 1.85 | I12: 1.86 | N12: =AVERAGE(B12:M12) -> 1.85875 | O12: =MIN(B12:M12) -> 1.82
A13: Polk, Kash | B13: 2.23 | C13: 2.25 | D13: 1.93 | E13: 1.91 | F13: 1.9 | H13: 2 | I13: 1.96 | N13: =AVERAGE(B13:M13) -> 2.0257143 | O13: =MIN(B13:M13) -> 1.9
A14: Stiemke, Jordan | B14: 1.81 | C14: 1.8 | D14: 1.81 | E14: 1.86 | F14: 2.03 | G14: 1.81 | H14: 1.69 | I14: 1.78 | N14: =AVERAGE(B14:M14) -> 1.82375 | O14: =MIN(B14:M14) -> 1.69
A15: Walker, Brandon | B15: 2 | G15: 2.01 | H15: 2.07 | I15: 2.02 | N15: =AVERAGE(B15:M15) -> 2.025 | O15: =MIN(B15:M15) -> 2
A16: Vick, Jordan | B16: 1.8 | C16: 1.8 | D16: 1.78 | E16: 1.77 | F16: 1.75 | G16: 1.74 | H16: 1.71 | I16: 1.72 | N16: =AVERAGE(B16:M16) -> 1.75875 | O16: =MIN(B16:M16) -> 1.71
A17: AVERAGE: | B17: =AVERAGE(B2:B16) -> 1.9606667 | C17: =AVERAGE(C2:C16) -> 1.9408333 | D17: =AVERAGE(D2:D16) -> 1.8646154 | E17: =AVERAGE(E2:E16) -> 1.865 | F17: =AVERAGE(F2:F16) -> 1.9218182 | G17: =AVERAGE(G2:G16) -> 1.9007692 | H17: =AVERAGE(H2:H16) -> 1.8528571 | I17: =AVERAGE(I2:I16) -> 1.8706667 | N17: =AVERAGE(B17:M17) -> 1.8971533
A20: Description: | B20: How many seconds can you run 10yd in?

Sheet 3 STEP MPH
A1: NAME | B1: 46188 | C1: 46195 | D1: 46217 | E1: 46224 | F1: 46265 | G1: 46273 | H1: 46280 | I1: 46286 | N1: AVERAGE | O1: BEST
A2: Christie, Marvin | B2: 11.81 | C2: 11.86 | D2: 11.07 | F2: 10.63 | G2: 11.34 | H2: 11.16 | I2: 11.56 | N2: =AVERAGE(B2:M2) -> 11.347143 | O2: =MAX(B2:M2) -> 11.86
A3: Croley, Ethan | B3: 10.88 | C3: 11.64 | D3: 11.72 | E3: 10.92 | F3: 10.36 | G3: 11.32 | H3: 11.52 | I3: 10.93 | N3: =AVERAGE(B3:M3) -> 11.16125 | O3: =MAX(B3:M3) -> 11.72
A4: Cunningham, Naas | B4: 10.83 | C4: 11.03 | D4: 10.83 | E4: 11.57 | F4: 9.04 | G4: 10.66 | H4: 9.99 | I4: 11.34 | N4: =AVERAGE(B4:M4) -> 10.66125 | O4: =MAX(B4:M4) -> 11.57
A5: Curry, Alijah | B5: 11.04 | C5: 11.09 | D5: 11.07 | E5: 11.6 | F5: 9.58 | G5: 10.56 | H5: 11.5 | I5: 10.65 | N5: =AVERAGE(B5:M5) -> 10.88625 | O5: =MAX(B5:M5) -> 11.6
A6: Gondrezick, Grant | B6: 11.5 | C6: 11.9 | D6: 11.27 | E6: 11.69 | G6: 11.77 | H6: 11.97 | I6: 11.75 | N6: =AVERAGE(B6:M6) -> 11.692857 | O6: =MAX(B6:M6) -> 11.97
A7: Harden, Jace | B7: 8.22 | G7: 10.11 | H7: 10.4 | I7: 10.36 | N7: =AVERAGE(B7:M7) -> 9.7725 | O7: =MAX(B7:M7) -> 10.4
A8: Hernandez, Nic | B8: 10.56 | C8: 10.67 | D8: 10.92 | E8: 10.83 | F8: 10.79 | I8: 10.85 | N8: =AVERAGE(B8:M8) -> 10.77 | O8: =MAX(B8:M8) -> 10.92
A9: Hill, Ma'Shy | B9: 10.61 | C9: 10.8 | D9: 10.79 | E9: 10.15 | F9: 10.41 | G9: 10.45 | H9: 11.13 | I9: 11.12 | N9: =AVERAGE(B9:M9) -> 10.6825 | O9: =MAX(B9:M9) -> 11.13
A10: Horner, Leon | B10: 10.91 | C10: 11.16 | D10: 10.71 | F10: 10.14 | G10: 10.76 | H10: 11.19 | I10: 10.98 | N10: =AVERAGE(B10:M10) -> 10.835714 | O10: =MAX(B10:M10) -> 11.19
A11: Itumo, Williams | B11: 10.87 | C11: 10.71 | D11: 10.59 | G11: 10.23 | H11: 10.88 | I11: 11.25 | N11: =AVERAGE(B11:M11) -> 10.755 | O11: =MAX(B11:M11) -> 11.25
A12: Lockett, Chris | B12: 11.06 | C12: 11.06 | D12: 11.03 | E12: 10.61 | F12: 10.38 | G12: 10.99 | H12: 10.82 | I12: 10.38 | N12: =AVERAGE(B12:M12) -> 10.79125 | O12: =MAX(B12:M12) -> 11.06
A13: Polk, Kash | B13: 9.59 | C13: 9.54 | D13: 9.59 | E13: 10.15 | F13: 9.84 | H13: 9.13 | I13: 9.52 | N13: =AVERAGE(B13:M13) -> 9.6228571 | O13: =MAX(B13:M13) -> 10.15
A14: Stiemke, Jordan | B14: 11.66 | C14: 11.72 | D14: 11.81 | E14: 12.51 | F14: 10.33 | G14: 12.11 | H14: 11.84 | I14: 11.61 | N14: =AVERAGE(B14:M14) -> 11.69875 | O14: =MAX(B14:M14) -> 12.51
A15: Walker, Brandon | B15: 10.5 | G15: 10.02 | H15: 9.74 | I15: 10.82 | N15: =AVERAGE(B15:M15) -> 10.27 | O15: =MAX(B15:M15) -> 10.82
A16: Vick, Jordan | B16: 10.33 | C16: 11.31 | D16: 11.03 | E16: 10.97 | F16: 10.51 | G16: 11.02 | H16: 10.99 | I16: 11.13 | N16: =AVERAGE(B16:M16) -> 10.91125 | O16: =MAX(B16:M16) -> 11.31
A17: AVERAGE: | B17: =AVERAGE(B2:B16) -> 10.691333 | C17: =AVERAGE(C2:C16) -> 11.114615 | D17: =AVERAGE(D2:D16) -> 10.956154 | E17: =AVERAGE(E2:E16) -> 11.1 | F17: =AVERAGE(F2:F16) -> 10.182727 | G17: =AVERAGE(G2:G16) -> 10.872308 | H17: =AVERAGE(H2:H16) -> 10.875714 | I17: =AVERAGE(I2:I16) -> 10.95 | N17: =AVERAGE(B17:M17) -> 10.842856
A20: Description: | B20: How fast are you going by step 3?
H30: ›

Sheet CMJ
A1: NAME | B1: 46176 | C1: 46182 | D1: 46185 | E1: 46195 | F1: 46202 | G1: 46209 | H1: 46216 | I1: 46223 | J1: 46288 | AC1: AVERAGE | AD1: BEST
A2: Christie, Marvin | B2: 38.5 | C2: 42.7 | D2: 42.2 | E2: 45.7 | F2: 43 | G2: 42.8 | H2: 43.7 | J2: 43.7 | AC2: =AVERAGE(B2:AB2) -> 42.7875 | AD2: =MAX(B2:AB2) -> 45.7
A3: Croley, Ethan | B3: 37.2 | C3: 35 | D3: 35.6 | E3: 37.5 | F3: 40.9 | G3: 42 | H3: 40.8 | I3: 41.4 | J3: 40.9 | AC3: =AVERAGE(B3:AB3) -> 39.033333 | AD3: =MAX(B3:AB3) -> 42
A4: Cunningham, Naas | B4: 46.5 | C4: 49.6 | D4: 46.4 | E4: 45.7 | F4: 47 | G4: 49.9 | H4: 52 | I4: 50.7 | J4: 51.6 | AC4: =AVERAGE(B4:AB4) -> 48.822222 | AD4: =MAX(B4:AB4) -> 52
A5: Curry, Alijah | B5: 38.5 | C5: 38.4 | D5: 38.9 | E5: 35.5 | F5: 33.7 | G5: 37 | H5: 32.5 | I5: 36.6 | J5: 33.7 | AC5: =AVERAGE(B5:AB5) -> 36.088889 | AD5: =MAX(B5:AB5) -> 38.9
A6: Gondrezick, Grant | B6: 49.1 | C6: 48 | D6: 48.9 | E6: 47 | G6: 50.1 | H6: 48.2 | I6: 51.7 | J6: 52.2 | AC6: =AVERAGE(B6:AB6) -> 49.4 | AD6: =MAX(B6:AB6) -> 52.2
A7: Harden, Jace | B7: 42 | J7: 42.1 | AC7: =AVERAGE(B7:AB7) -> 42.05 | AD7: =MAX(B7:AB7) -> 42.1
A8: Hernandez, Nic | B8: 39.3 | C8: 40.6 | D8: 40.8 | E8: 38.7 | F8: 42.4 | G8: 42.5 | H8: 44.7 | I8: 46.4 | J8: 43.8 | AC8: =AVERAGE(B8:AB8) -> 42.133333 | AD8: =MAX(B8:AB8) -> 46.4
A9: Hill, Ma'Shy | B9: 36.2 | C9: 33.5 | D9: 37.9 | E9: 38.7 | F9: 38.8 | G9: 38.6 | H9: 36.7 | I9: 38.7 | J9: 41.4 | AC9: =AVERAGE(B9:AB9) -> 37.833333 | AD9: =MAX(B9:AB9) -> 41.4
A10: Horner, Leon | B10: 43.7 | C10: 38.9 | D10: 43.7 | E10: 39.9 | F10: 45.2 | G10: 41.7 | H10: 40.8 | J10: 44.3 | AC10: =AVERAGE(B10:AB10) -> 42.275 | AD10: =MAX(B10:AB10) -> 45.2
A11: Itumo, Williams | B11: 40.4 | C11: 36.9 | D11: 41.3 | E11: 41.3 | F11: 41.8 | G11: 44.6 | H11: 42 | I11: 40 | J11: 36.5 | AC11: =AVERAGE(B11:AB11) -> 40.533333 | AD11: =MAX(B11:AB11) -> 44.6
A12: Lockett, Chris | B12: 42.5 | C12: 36.7 | D12: 42.8 | E12: 40 | F12: 44 | G12: 45.5 | H12: 42.3 | I12: 43.6 | J12: 43.5 | AC12: =AVERAGE(B12:AB12) -> 42.322222 | AD12: =MAX(B12:AB12) -> 45.5
A13: Polk, Kash | B13: 37.9 | C13: 41.2 | D13: 39.5 | E13: 34.8 | F13: 39.1 | G13: 40 | H13: 40.9 | I13: 38.7 | J13: 43.8 | AC13: =AVERAGE(B13:AB13) -> 39.544444 | AD13: =MAX(B13:AB13) -> 43.8
A14: Stiemke, Jordan | B14: 44.7 | C14: 45 | D14: 44.5 | E14: 46.9 | F14: 45.6 | G14: 45.9 | H14: 48 | I14: 49.3 | J14: 49.4 | AC14: =AVERAGE(B14:AB14) -> 46.588889 | AD14: =MAX(B14:AB14) -> 49.4
A15: Walker, Brandon | B15: 33 | J15: 33.6 | AC15: =AVERAGE(B15:AB15) -> 33.3 | AD15: =MAX(B15:AB15) -> 33.6
A16: Vick, Jordan | B16: 45.6 | C16: 46.6 | D16: 48.3 | E16: 55.7 | F16: 55.4 | G16: 50.9 | H16: 50.4 | I16: 54.1 | J16: 55.1 | AC16: =AVERAGE(B16:AB16) -> 51.344444 | AD16: =MAX(B16:AB16) -> 55.7
A17: AVERAGE: | B17: =AVERAGE(B2:B16) -> 41.006667 | C17: =AVERAGE(C2:C16) -> 41.007692 | D17: =AVERAGE(D2:D16) -> 42.369231 | E17: =AVERAGE(E2:E16) -> 42.107692 | F17: =AVERAGE(F2:F16) -> 43.075 | G17: =AVERAGE(G2:G16) -> 43.961538 | H17: =AVERAGE(H2:H16) -> 43.307692 | I17: =AVERAGE(I2:I16) -> 44.654545 | J17: 43.7 | AC17: =AVERAGE(B17:AB17) -> 42.798895
A20: Description: | B20: Countermovement Jump - Full lower body assessment

Sheet PEAK POWER
A1: NAME | B1: 46176 | C1: 46195 | D1: 46216 | E1: 46223 | F1: 46288 | N1: AVERAGE | O1: BEST
A2: Christie, Marvin | B2: 64.9 | C2: 67.8 | D2: 65.2 | E2: 65.5 | F2: 62.2 | N2: =AVERAGE(B2:M2) -> 65.12 | O2: =MAX(B2:M2) -> 67.8
A3: Croley, Ethan | B3: 52.4 | C3: 51.3 | D3: 60.9 | E3: 59.8 | F3: 59.6 | N3: =AVERAGE(B3:M3) -> 56.8 | O3: =MAX(B3:M3) -> 60.9
A4: Cunningham, Naas | B4: 75.8 | C4: 79.8 | D4: 76.6 | E4: 80.3 | F4: 82.2 | N4: =AVERAGE(B4:M4) -> 78.94 | O4: =MAX(B4:M4) -> 82.2
A5: Curry, Alijah | B5: 55.3 | C5: 51.6 | D5: 56.4 | E5: 50.7 | F5: 56.2 | N5: =AVERAGE(B5:M5) -> 54.04 | O5: =MAX(B5:M5) -> 56.4
A6: Gondrezick, Grant | B6: 76.4 | C6: 73.1 | D6: 79.4 | E6: 86.1 | F6: 86 | N6: =AVERAGE(B6:M6) -> 80.2 | O6: =MAX(B6:M6) -> 86.1
A7: Harden, Jace | B7: 58 | F7: 58.2 | N7: =AVERAGE(B7:M7) -> 58.1 | O7: =MAX(B7:M7) -> 58.2
A8: Hernandez, Nic | B8: 55.3 | C8: 68 | D8: 63.1 | E8: 70.1 | F8: 61.3 | N8: =AVERAGE(B8:M8) -> 63.56 | O8: =MAX(B8:M8) -> 70.1
A9: Hill, Ma'Shy | B9: 48.8 | C9: 53.7 | D9: 50.3 | E9: 52.2 | F9: 56.7 | N9: =AVERAGE(B9:M9) -> 52.34 | O9: =MAX(B9:M9) -> 56.7
A10: Horner, Leon | B10: 61.4 | C10: 64.3 | D10: 67.3 | E10: 64.3 | F10: 68.4 | N10: =AVERAGE(B10:M10) -> 65.14 | O10: =MAX(B10:M10) -> 68.4
A11: Itumo, Williams | B11: 55.6 | C11: 59.8 | D11: 66 | E11: 61.5 | F11: 57.3 | N11: =AVERAGE(B11:M11) -> 60.04 | O11: =MAX(B11:M11) -> 66
A12: Lockett, Chris | B12: 55.9 | C12: 61.1 | D12: 63.8 | E12: 60.6 | F12: 62.9 | N12: =AVERAGE(B12:M12) -> 60.86 | O12: =MAX(B12:M12) -> 63.8
A13: Polk, Kash | B13: 60.2 | C13: 61 | D13: 62 | E13: 58.8 | F13: 63.3 | N13: =AVERAGE(B13:M13) -> 61.06 | O13: =MAX(B13:M13) -> 63.3
A14: Stiemke, Jordan | B14: 68.9 | C14: 72.8 | D14: 80.7 | E14: 80.7 | F14: 74.5 | N14: =AVERAGE(B14:M14) -> 75.52 | O14: =MAX(B14:M14) -> 80.7
A15: Walker, Brandon | B15: 52 | F15: 52.9 | N15: =AVERAGE(B15:M15) -> 52.45 | O15: =MAX(B15:M15) -> 52.9
A16: Vick, Jordan | B16: 69.2 | C16: 76.5 | D16: 76.8 | E16: 77.3 | F16: 76.9 | N16: =AVERAGE(B16:M16) -> 75.34 | O16: =MAX(B16:M16) -> 77.3
A17: AVERAGE: | B17: =AVERAGE(B2:B16) -> 60.673333 | C17: =AVERAGE(C2:C16) -> 64.676923 | D17: =AVERAGE(D2:D16) -> 66.807692 | E17: =AVERAGE(E2:E16) -> 66.761538 | F17: =AVERAGE(F2:F16) -> 65.24 | N17: =AVERAGE(B17:M17) -> 64.831897
A20: Description: | B20: How much power do you produce when you sprint? (Measured in watts per kg)

Sheet APPROACH
A1: NAME | B1: 46175 | C1: 46224 | N1: AVERAGE | O1: BEST
A2: Christie, Marvin | B2: 38.5 | N2: =AVERAGE(B2:M2) -> 38.5 | O2: =MAX(B2:M2) -> 38.5
A3: Croley, Ethan | B3: 29.5 | C3: 35 | N3: =AVERAGE(B3:M3) -> 32.25 | O3: =MAX(B3:M3) -> 35
A4: Cunningham, Naas | B4: 41.5 | C4: 43 | N4: =AVERAGE(B4:M4) -> 42.25 | O4: =MAX(B4:M4) -> 43
A5: Curry, Alijah | B5: 40 | C5: 40.5 | N5: =AVERAGE(B5:M5) -> 40.25 | O5: =MAX(B5:M5) -> 40.5
A6: Gondrezick, Grant | B6: 37.5 | C6: 40 | N6: =AVERAGE(B6:M6) -> 38.75 | O6: =MAX(B6:M6) -> 40
A7: Harden, Jace | N7: =AVERAGE(B7:M7) -> #DIV/0! | O7: =MAX(B7:M7) -> 0
A8: Hernandez, Nic | B8: 28.5 | C8: 33 | N8: =AVERAGE(B8:M8) -> 30.75 | O8: =MAX(B8:M8) -> 33
A9: Hill, Ma'Shy | B9: 29.5 | C9: 30 | N9: =AVERAGE(B9:M9) -> 29.75 | O9: =MAX(B9:M9) -> 30
A10: Horner, Leon | B10: 35.5 | N10: =AVERAGE(B10:M10) -> 35.5 | O10: =MAX(B10:M10) -> 35.5
A11: Itumo, Williams | B11: 35 | N11: =AVERAGE(B11:M11) -> 35 | O11: =MAX(B11:M11) -> 35
A12: Lockett, Chris | B12: 37 | C12: 35 | N12: =AVERAGE(B12:M12) -> 36 | O12: =MAX(B12:M12) -> 37
A13: Polk, Kash | B13: 34.5 | C13: 40 | N13: =AVERAGE(B13:M13) -> 37.25 | O13: =MAX(B13:M13) -> 40
A14: Stiemke, Jordan | B14: 39 | C14: 44 | N14: =AVERAGE(B14:M14) -> 41.5 | O14: =MAX(B14:M14) -> 44
A15: Walker, Brandon | N15: =AVERAGE(B15:M15) -> #DIV/0! | O15: =MAX(B15:M15) -> 0
A16: Vick, Jordan | B16: 38 | C16: 42 | N16: =AVERAGE(B16:M16) -> 40 | O16: =MAX(B16:M16) -> 42
A17: AVERAGE: | B17: =AVERAGE(B2:B16) -> 35.692308 | C17: =AVERAGE(C2:C16) -> 38.25 | N17: =AVERAGE(B17:M17) -> 36.971154
A20: Description: | B20: How high can you jump with a full approach?

Sheet RSI
A1: NAME | B1: 46176 | C1: 46217 | N1: AVERAGE | O1: BEST
A2: Christie, Marvin | B2: 2.87 | C2: 2.87 | N2: =AVERAGE(B2:M2) -> 2.87 | O2: =MAX(B2:M2) -> 2.87
A3: Croley, Ethan | B3: 2.41 | C3: 2.33 | N3: =AVERAGE(B3:M3) -> 2.37 | O3: =MAX(B3:M3) -> 2.41
A4: Cunningham, Naas | B4: 2.67 | C4: 2.25 | N4: =AVERAGE(B4:M4) -> 2.46 | O4: =MAX(B4:M4) -> 2.67
A5: Curry, Alijah | B5: 2.39 | C5: 2.25 | N5: =AVERAGE(B5:M5) -> 2.32 | O5: =MAX(B5:M5) -> 2.39
A6: Gondrezick, Grant | B6: 3 | C6: 3.06 | N6: =AVERAGE(B6:M6) -> 3.03 | O6: =MAX(B6:M6) -> 3.06
A7: Harden, Jace | N7: =AVERAGE(B7:M7) -> #DIV/0! | O7: =MAX(B7:M7) -> 0
A8: Hernandez, Nic | B8: 2.38 | C8: 2.8 | N8: =AVERAGE(B8:M8) -> 2.59 | O8: =MAX(B8:M8) -> 2.8
A9: Hill, Ma'Shy | B9: 1.8 | C9: 2.18 | N9: =AVERAGE(B9:M9) -> 1.99 | O9: =MAX(B9:M9) -> 2.18
A10: Horner, Leon | B10: 2.33 | C10: 2 | N10: =AVERAGE(B10:M10) -> 2.165 | O10: =MAX(B10:M10) -> 2.33
A11: Itumo, Williams | B11: 1.95 | C11: 1.72 | N11: =AVERAGE(B11:M11) -> 1.835 | O11: =MAX(B11:M11) -> 1.95
A12: Lockett, Chris | B12: 2.21 | C12: 2.2 | N12: =AVERAGE(B12:M12) -> 2.205 | O12: =MAX(B12:M12) -> 2.21
A13: Polk, Kash | B13: 2.6 | C13: 2.49 | N13: =AVERAGE(B13:M13) -> 2.545 | O13: =MAX(B13:M13) -> 2.6
A14: Stiemke, Jordan | B14: 2.87 | C14: 3.15 | N14: =AVERAGE(B14:M14) -> 3.01 | O14: =MAX(B14:M14) -> 3.15
A15: Walker, Brandon | N15: =AVERAGE(B15:M15) -> #DIV/0! | O15: =MAX(B15:M15) -> 0
A16: Vick, Jordan | B16: 2.36 | C16: 2.93 | N16: =AVERAGE(B16:M16) -> 2.645 | O16: =MAX(B16:M16) -> 2.93
A17: AVERAGE: | B17: =AVERAGE(B2:B16) -> 2.4492308 | C17: =AVERAGE(C2:C16) -> 2.4792308 | N17: =AVERAGE(B17:M17) -> 2.4642308
A20: Description: | B20: Reactive Strength Index - How high can you jump quickly? - Flight time divided by contact time

Sheet TRAP DEAD
A1: NAME | B1: 46195 | N1: AVERAGE | O1: BEST
A2: Christie, Marvin | B2: 405 | N2: =AVERAGE(B2:M2) -> 405 | O2: =MAX(B2:M2) -> 405
A3: Croley, Ethan | B3: 405 | N3: =AVERAGE(B3:M3) -> 405 | O3: =MAX(B3:M3) -> 405
A4: Cunningham, Naas | B4: 335 | N4: =AVERAGE(B4:M4) -> 335 | O4: =MAX(B4:M4) -> 335
A5: Curry, Alijah | B5: 455 | N5: =AVERAGE(B5:M5) -> 455 | O5: =MAX(B5:M5) -> 455
A6: Gondrezick, Grant | B6: 405 | N6: =AVERAGE(B6:M6) -> 405 | O6: =MAX(B6:M6) -> 405
A7: Harden, Jace | N7: =AVERAGE(B7:M7) -> #DIV/0! | O7: =MAX(B7:M7) -> 0
A8: Hernandez, Nic | B8: 275 | N8: =AVERAGE(B8:M8) -> 275 | O8: =MAX(B8:M8) -> 275
A9: Hill, Ma'Shy | B9: 500 | N9: =AVERAGE(B9:M9) -> 500 | O9: =MAX(B9:M9) -> 500
A10: Horner, Leon | B10: 455 | N10: =AVERAGE(B10:M10) -> 455 | O10: =MAX(B10:M10) -> 455
A11: Itumo, Williams | B11: 315 | N11: =AVERAGE(B11:M11) -> 315 | O11: =MAX(B11:M11) -> 315
A12: Lockett, Chris | B12: 500 | N12: =AVERAGE(B12:M12) -> 500 | O12: =MAX(B12:M12) -> 500
A13: Polk, Kash | B13: 405 | N13: =AVERAGE(B13:M13) -> 405 | O13: =MAX(B13:M13) -> 405
A14: Stiemke, Jordan | B14: 500 | N14: =AVERAGE(B14:M14) -> 500 | O14: =MAX(B14:M14) -> 500
A15: Walker, Brandon | N15: =AVERAGE(B15:M15) -> #DIV/0! | O15: =MAX(B15:M15) -> 0
A16: Vick, Jordan | B16: 455 | N16: =AVERAGE(B16:M16) -> 455 | O16: =MAX(B16:M16) -> 455
A17: AVERAGE: | B17: =AVERAGE(B2:B16) -> 416.15385 | N17: =AVERAGE(B17:M17) -> 416.15385
A20: Description: | B20: Velocity-Based Trap Bar Deadlift Max (.4 meters per second) - Measures maximal force produced quickly

Sheet BENCH
A1: NAME | B1: 46189 | C1: 46219 | N1: AVERAGE | O1: BEST
A2: Christie, Marvin | B2: 185 | C2: 225 | N2: =AVERAGE(B2:M2) -> 205 | O2: =MAX(B2:M2) -> 225
A3: Croley, Ethan | B3: 255 | C3: 275 | N3: =AVERAGE(B3:M3) -> 265 | O3: =MAX(B3:M3) -> 275
A4: Cunningham, Naas | B4: 185 | C4: 195 | N4: =AVERAGE(B4:M4) -> 190 | O4: =MAX(B4:M4) -> 195
A5: Curry, Alijah | B5: 205 | C5: 205 | N5: =AVERAGE(B5:M5) -> 205 | O5: =MAX(B5:M5) -> 205
A6: Gondrezick, Grant | B6: 245 | C6: 245 | N6: =AVERAGE(B6:M6) -> 245 | O6: =MAX(B6:M6) -> 245
A7: Harden, Jace | N7: =AVERAGE(B7:M7) -> #DIV/0! | O7: =MAX(B7:M7) -> 0
A8: Hernandez, Nic | B8: 175 | N8: =AVERAGE(B8:M8) -> 175 | O8: =MAX(B8:M8) -> 175
A9: Hill, Ma'Shy | B9: 210 | C9: 225 | N9: =AVERAGE(B9:M9) -> 217.5 | O9: =MAX(B9:M9) -> 225
A10: Horner, Leon | B10: 225 | C10: 235 | N10: =AVERAGE(B10:M10) -> 230 | O10: =MAX(B10:M10) -> 235
A11: Itumo, Williams | B11: 210 | C11: 235 | N11: =AVERAGE(B11:M11) -> 222.5 | O11: =MAX(B11:M11) -> 235
A12: Lockett, Chris | B12: 235 | C12: 235 | N12: =AVERAGE(B12:M12) -> 235 | O12: =MAX(B12:M12) -> 235
A13: Polk, Kash | B13: 215 | C13: 225 | N13: =AVERAGE(B13:M13) -> 220 | O13: =MAX(B13:M13) -> 225
A14: Stiemke, Jordan | B14: 235 | C14: 255 | N14: =AVERAGE(B14:M14) -> 245 | O14: =MAX(B14:M14) -> 255
A15: Walker, Brandon | N15: =AVERAGE(B15:M15) -> #DIV/0! | O15: =MAX(B15:M15) -> 0
A16: Vick, Jordan | B16: 205 | C16: 225 | N16: =AVERAGE(B16:M16) -> 215 | O16: =MAX(B16:M16) -> 225
A17: AVERAGE: | B17: =AVERAGE(B2:B16) -> 214.23077 | C17: =AVERAGE(C2:C16) -> 231.66667 | N17: =AVERAGE(B17:M17) -> 222.94872
A20: Description: | B20: Bench Press 1RM - Upper body max strength assessment

Sheet CHIN UP
A1: NAME | B1: 46177 | C1: 46196 | D1: 46219 | N1: AVERAGE | O1: BEST
A2: Christie, Marvin | B2: 7 | C2: 8 | D2: 8 | N2: =AVERAGE(B2:M2) -> 7.6666667 | O2: =MAX(B2:M2) -> 8
A3: Croley, Ethan | B3: 9 | C3: 12 | D3: 12 | N3: =AVERAGE(B3:M3) -> 11 | O3: =MAX(B3:M3) -> 12
A4: Cunningham, Naas | B4: 5 | C4: 11 | D4: 15 | N4: =AVERAGE(B4:M4) -> 10.333333 | O4: =MAX(B4:M4) -> 15
A5: Curry, Alijah | B5: 7 | C5: 9 | D5: 12 | N5: =AVERAGE(B5:M5) -> 9.3333333 | O5: =MAX(B5:M5) -> 12
A6: Gondrezick, Grant | B6: 6 | C6: 8 | D6: 10 | N6: =AVERAGE(B6:M6) -> 8 | O6: =MAX(B6:M6) -> 10
A7: Harden, Jace | B7: 9 | N7: =AVERAGE(B7:M7) -> 9 | O7: =MAX(B7:M7) -> 9
A8: Hernandez, Nic | B8: 14 | C8: 16 | N8: =AVERAGE(B8:M8) -> 15 | O8: =MAX(B8:M8) -> 16
A9: Hill, Ma'Shy | B9: 10 | C9: 8 | D9: 15 | N9: =AVERAGE(B9:M9) -> 11 | O9: =MAX(B9:M9) -> 15
A10: Horner, Leon | B10: 10 | C10: 11 | D10: 14 | N10: =AVERAGE(B10:M10) -> 11.666667 | O10: =MAX(B10:M10) -> 14
A11: Itumo, Williams | B11: 8 | C11: 8 | D11: 14 | N11: =AVERAGE(B11:M11) -> 10 | O11: =MAX(B11:M11) -> 14
A12: Lockett, Chris | B12: 15 | C12: 17 | D12: 19 | N12: =AVERAGE(B12:M12) -> 17 | O12: =MAX(B12:M12) -> 19
A13: Polk, Kash | B13: 7 | C13: 10 | D13: 14 | N13: =AVERAGE(B13:M13) -> 10.333333 | O13: =MAX(B13:M13) -> 14
A14: Stiemke, Jordan | B14: 10 | C14: 10 | D14: 17 | N14: =AVERAGE(B14:M14) -> 12.333333 | O14: =MAX(B14:M14) -> 17
A15: Walker, Brandon | N15: =AVERAGE(B15:M15) -> #DIV/0! | O15: =MAX(B15:M15) -> 0
A16: Vick, Jordan | B16: 15 | C16: 15 | D16: 18 | N16: =AVERAGE(B16:M16) -> 16 | O16: =MAX(B16:M16) -> 18
A17: AVERAGE: | B17: =AVERAGE(B2:B16) -> 9.4285714 | C17: =AVERAGE(C2:C16) -> 11 | D17: =AVERAGE(D2:D16) -> 14 | N17: =AVERAGE(B17:M17) -> 11.47619
A20: Description: | B20: Max rep pull ups - Upper body relative strength assessment

Sheet CELTIC
A1: NAME | B1: 46199 | C1: 46227 | N1: AVERAGE | O1: BEST
A2: Christie, Marvin | N2: =AVERAGE(B2:M2) -> #DIV/0! | O2: =MAX(B2:M2) -> 0
A3: Croley, Ethan | B3: 25 | C3: 26 | N3: =AVERAGE(B3:M3) -> 25.5 | O3: =MAX(B3:M3) -> 26
A4: Cunningham, Naas | B4: 26 | C4: 27 | N4: =AVERAGE(B4:M4) -> 26.5 | O4: =MAX(B4:M4) -> 27
A5: Curry, Alijah | B5: 25 | C5: 26 | N5: =AVERAGE(B5:M5) -> 25.5 | O5: =MAX(B5:M5) -> 26
A6: Gondrezick, Grant | C6: 26 | N6: =AVERAGE(B6:M6) -> 26 | O6: =MAX(B6:M6) -> 26
A7: Harden, Jace | N7: =AVERAGE(B7:M7) -> #DIV/0! | O7: =MAX(B7:M7) -> 0
A8: Hernandez, Nic | C8: 26 | N8: =AVERAGE(B8:M8) -> 26 | O8: =MAX(B8:M8) -> 26
A9: Hill, Ma'Shy | B9: 23 | C9: 25 | N9: =AVERAGE(B9:M9) -> 24 | O9: =MAX(B9:M9) -> 25
A10: Horner, Leon | B10: 24 | N10: =AVERAGE(B10:M10) -> 24 | O10: =MAX(B10:M10) -> 24
A11: Itumo, Williams | B11: 24 | N11: =AVERAGE(B11:M11) -> 24 | O11: =MAX(B11:M11) -> 24
A12: Lockett, Chris | B12: 27 | C12: 28 | N12: =AVERAGE(B12:M12) -> 27.5 | O12: =MAX(B12:M12) -> 28
A13: Polk, Kash | B13: 25 | C13: 26 | N13: =AVERAGE(B13:M13) -> 25.5 | O13: =MAX(B13:M13) -> 26
A14: Stiemke, Jordan | B14: 26 | C14: 28 | N14: =AVERAGE(B14:M14) -> 27 | O14: =MAX(B14:M14) -> 28
A15: Walker, Brandon | N15: =AVERAGE(B15:M15) -> #DIV/0! | O15: =MAX(B15:M15) -> 0
A16: Vick, Jordan | B16: 26 | C16: 27 | N16: =AVERAGE(B16:M16) -> 26.5 | O16: =MAX(B16:M16) -> 27
A17: AVERAGE: | B17: =AVERAGE(B2:B16) -> 25.1 | C17: =AVERAGE(C2:C16) -> 26.5 | N17: =AVERAGE(B17:M17) -> 25.8
A20: Description: | B20: Conditioning Test - 3 Minute baseline touches - 26 for bigs, 28 for guards
